gateway_payment_id,order_id,gross_amount,fee,tax,net_amount,status,settlement_id,created_at,settled_at
pay_9901,ORD_1001,2500.0,0.0,0.0,2500.0,captured,SETTL_BATCH_01,2026-08-20 10:15:10,2026-08-21 06:00:00
pay_9902,ORD_1002,12000.0,216.0,38.88,11745.12,captured,SETTL_BATCH_01,2026-08-20 10:25:12,2026-08-21 06:00:00
pay_9903,ORD_1003,4500.0,40.5,7.29,4452.21,captured,SETTL_BATCH_01,2026-08-20 11:00:15,2026-08-21 06:00:00
pay_9904,ORD_1004,18500.0,277.5,49.95,18172.55,captured,SETTL_BATCH_01,2026-08-20 11:30:20,2026-08-21 06:00:00
pay_9905,ORD_1005,3200.0,0.0,0.0,3200.0,captured,SETTL_BATCH_01,2026-08-20 12:00:05,2026-08-21 06:00:00
pay_9906,ORD_1006,48000.0,1200.0,216.0,46584.0,captured,SETTL_BATCH_02,2026-08-20 12:30:10,2026-08-21 06:00:00
pay_9907,ORD_1007,65000.0,1950.0,351.0,62699.0,captured,SETTL_BATCH_02,2026-08-20 13:10:14,2026-08-21 06:00:00
pay_9908,ORD_1008,14200.0,0.0,0.0,14200.0,captured,SETTL_BATCH_03,2026-08-20 14:00:08,2026-08-21 06:00:00
pay_9909,ORD_1009,8000.0,0.0,0.0,8000.0,captured,SETTL_BATCH_03,2026-08-20 14:30:10,2026-08-21 06:00:00
pay_9910,ORD_1010,9500.0,0.0,0.0,9500.0,captured,SETTL_BATCH_03,2026-08-20 15:00:05,2026-08-21 06:00:00
pay_9911,ORD_1011,35000.0,630.0,113.4,34256.6,captured,,2026-08-17 09:00:00,
