order_id,customer_id,amount,currency,status,payment_method,card_network,created_at
ORD_1001,CUST_901,2500.0,INR,SUCCESS,UPI,,2026-08-20 10:15:00
ORD_1002,CUST_902,12000.0,INR,SUCCESS,CREDIT_CARD,VISA,2026-08-20 10:25:00
ORD_1003,CUST_903,4500.0,INR,SUCCESS,DEBIT_CARD,MASTERCARD,2026-08-20 11:00:00
ORD_1004,CUST_904,18500.0,INR,SUCCESS,NET_BANKING,,2026-08-20 11:30:00
ORD_1005,CUST_905,3200.0,INR,SUCCESS,UPI,,2026-08-20 12:00:00
ORD_1006,CUST_906,48000.0,INR,SUCCESS,CREDIT_CARD,VISA,2026-08-20 12:30:00
ORD_1007,CUST_907,65000.0,INR,SUCCESS,CREDIT_CARD,AMEX,2026-08-20 13:10:00
ORD_1008,CUST_908,14200.0,INR,PENDING,UPI,,2026-08-20 14:00:00
ORD_1009,CUST_909,8000.0,INR,SUCCESS,UPI,,2026-08-20 14:30:00
ORD_1010,CUST_910,9500.0,INR,SUCCESS,UPI,,2026-08-20 15:00:00
ORD_1011,CUST_911,35000.0,INR,SUCCESS,CREDIT_CARD,MASTERCARD,2026-08-17 09:00:00
